City_ID,City,Country,Date,Lat,Lng,Max Temp,Humidity,Cloudiness,Wind Speed
0,Ambam,CM,2022-08-28 00:29:59,2.3833,11.2833,291.51,99,74,1.03
1,Jamestown,US,2022-08-28 00:30:00,42.097,-79.2353,293.72,77,0,4.12
2,Gamba,GA,2022-08-28 00:30:01,-2.65,10.0,295.03,85,89,2.38
3,Jati,PK,2022-08-28 00:30:01,24.3539,68.2671,298.56,83,76,5.96
4,Khatanga,RU,2022-08-28 00:30:02,71.9667,102.5,275.36,97,100,6.14
5,Rikitea,PF,2022-08-28 00:30:02,-23.1203,-134.9692,294.97,67,100,8.9
6,Mar Del Plata,AR,2022-08-28 00:30:03,-38.0023,-57.5575,280.42,66,40,8.94
7,Hilo,US,2022-08-28 00:30:04,19.7297,-155.09,302.75,67,0,5.14
8,Mataura,NZ,2022-08-28 00:30:04,-46.1927,168.8643,281.19,54,98,0.78
9,Esperance,AU,2022-08-28 00:30:05,-33.8667,121.9,281.06,77,100,9.66
10,Busselton,AU,2022-08-28 00:30:06,-33.65,115.3333,284.13,69,100,4.63
11,Vila Velha,BR,2022-08-28 00:30:06,-20.3297,-40.2925,296.12,91,75,2.06
12,Vaini,TO,2022-08-28 00:30:07,-21.2,-175.2,300.24,78,20,4.63
13,Bredasdorp,ZA,2022-08-28 00:30:08,-34.5322,20.0403,279.77,87,0,2.57
14,Qaanaaq,GL,2022-08-28 00:30:08,77.484,-69.3632,272.67,71,96,0.95
15,Panjab,AF,2022-08-28 00:30:09,34.388,67.0233,282.47,50,0,2.03
16,Albany,US,2022-08-28 00:29:37,42.6001,-73.9662,295.38,71,20,0.83
17,Narsaq,GL,2022-08-28 00:30:10,60.9167,-46.05,280.27,87,7,2.04
18,Nijar,ES,2022-08-28 00:30:11,36.9665,-2.206,298.51,74,0,2.57
19,Punta Arenas,CL,2022-08-28 00:30:11,-53.15,-70.9167,278.21,75,0,10.29
20,Victoria,HK,2022-08-28 00:29:47,22.2855,114.1577,304.96,85,71,0.45
21,Fujin,CN,2022-08-28 00:30:12,47.26,132.0322,292.24,64,0,5.87
22,Silifke,TR,2022-08-28 00:30:13,36.3778,33.9344,298.75,65,0,1.65
23,Lorengau,PG,2022-08-28 00:30:14,-2.0226,147.2712,301.95,75,32,5.68
24,Barrow,US,2022-08-28 00:30:15,71.2906,-156.7887,277.16,93,100,4.63
25,Cape Town,ZA,2022-08-28 00:25:45,-33.9258,18.4232,285.88,69,20,1.34
26,Georgetown,MY,2022-08-28 00:28:04,5.4112,100.3354,299.2,91,20,1.54
27,Naze,JP,2022-08-28 00:30:16,28.3667,129.4833,302.66,73,59,4.17
28,Yulara,AU,2022-08-28 00:30:17,-25.2406,130.9889,293.83,14,0,4.13
29,Kapaa,US,2022-08-28 00:30:18,22.0752,-159.319,303.14,67,75,6.69
30,Hermanus,ZA,2022-08-28 00:30:18,-34.4187,19.2345,283.75,79,2,2.42
31,Santa Vitoria Do Palmar,BR,2022-08-28 00:30:19,-33.5189,-53.3681,282.43,73,6,7.73
32,Srandakan,ID,2022-08-28 00:30:20,-7.9386,110.2506,298.24,72,100,4.87
33,San Patricio,US,2022-08-28 00:30:20,28.017,-97.5169,304.73,67,5,6.53
34,Iqaluit,CA,2022-08-28 00:30:21,63.7506,-68.5145,277.0,93,75,1.03
35,Port-Cartier,CA,2022-08-28 00:30:22,50.0334,-66.8654,292.97,56,12,2.76
36,Ushuaia,AR,2022-08-28 00:30:01,-54.8,-68.3,275.96,81,100,5.66
37,Salalah,OM,2022-08-28 00:30:23,17.0151,54.0924,297.2,100,100,3.09
38,Port Alfred,ZA,2022-08-28 00:30:23,-33.5906,26.891,286.09,78,0,2.98
39,Norman Wells,CA,2022-08-28 00:30:24,65.282,-126.8329,295.17,49,75,5.14
40,Selje,NO,2022-08-28 00:30:25,62.0459,5.351,285.71,6,23,3.03
41,Sitka,US,2022-08-28 00:28:35,57.0531,-135.33,287.09,88,100,2.06
42,Ucluelet,CA,2022-08-28 00:30:26,48.9329,-125.5528,292.32,78,100,0.45
43,Limon,CR,2022-08-28 00:30:26,10.0,-83.0333,300.09,89,75,2.57
44,Umm Kaddadah,SD,2022-08-28 00:30:27,13.6017,26.6876,298.48,61,100,3.05
45,Dunedin,NZ,2022-08-28 00:29:51,-45.8742,170.5036,285.26,67,98,0.89
46,Teguise,ES,2022-08-28 00:27:12,29.0605,-13.564,293.27,73,75,6.69
47,Pisco,PE,2022-08-28 00:30:28,-13.7,-76.2167,289.18,82,100,4.12
48,Bedford,GB,2022-08-28 00:30:39,52.1346,-0.4663,288.6,87,39,1.95
49,Port Elizabeth,ZA,2022-08-28 00:28:48,-33.918,25.5701,282.31,87,0,2.57
50,Castro,BR,2022-08-28 00:31:30,-24.7911,-50.0119,288.57,70,0,1.22
51,Vardo,NO,2022-08-28 00:31:31,70.3705,31.1107,283.14,81,43,9.26
52,Santa Cruz,BO,2022-08-28 00:27:44,-17.8,-63.1667,298.85,69,100,5.14
53,Cabo San Lucas,MX,2022-08-28 00:31:32,22.8909,-109.9124,306.32,45,75,3.09
54,Saint George,US,2022-08-28 00:31:32,37.1041,-113.5841,311.83,15,0,5.66
55,Cherskiy,RU,2022-08-28 00:31:33,68.75,161.3,289.05,45,100,5.27
56,Butaritari,KI,2022-08-28 00:31:33,3.0707,172.7902,300.77,77,19,6.23
57,Richards Bay,ZA,2022-08-28 00:31:34,-28.783,32.0377,291.87,83,98,3.97
58,Puerto Ayora,EC,2022-08-28 00:31:35,-0.7393,-90.3518,293.46,88,10,1.79
59,Hobart,AU,2022-08-28 00:30:01,-42.8794,147.3294,288.18,68,20,4.63
60,Tasiilaq,GL,2022-08-28 00:31:36,65.6145,-37.6368,280.24,95,100,4.63
61,Yellowknife,CA,2022-08-28 00:30:44,62.456,-114.3525,293.44,45,75,1.03
62,Ishigaki,JP,2022-08-28 00:31:37,24.3448,124.1572,303.22,79,75,2.06
63,Kruisfontein,ZA,2022-08-28 00:31:38,-34.0033,24.7314,280.86,87,0,2.31
64,Torbay,CA,2022-08-28 00:30:44,47.6666,-52.7314,293.37,89,75,7.72
65,Mankato,US,2022-08-28 00:30:53,44.1636,-93.9994,299.49,78,0,2.57
66,Sao Joao Da Barra,BR,2022-08-28 00:31:40,-21.6403,-41.0511,295.32,84,6,10.0
67,Cuamba,MZ,2022-08-28 00:31:41,-14.8031,36.5372,291.73,53,0,2.26
68,Tuktoyaktuk,CA,2022-08-28 00:31:41,69.4541,-133.0374,285.15,94,40,2.57
69,San Cristobal,VE,2022-08-28 00:31:42,7.7669,-72.225,297.25,96,100,1.07
70,Znamenskoye,RU,2022-08-28 00:31:43,57.1281,73.8282,282.17,82,98,2.6
71,Saint-Philippe,RE,2022-08-28 00:31:43,-21.3585,55.7679,292.16,87,46,4.79
72,Codrington,AU,2022-08-28 00:31:44,-38.2667,141.9667,289.3,67,100,5.38
73,Mabaruma,GY,2022-08-28 00:31:45,8.2,-59.7833,296.8,91,1,1.21
74,Mbini,GQ,2022-08-28 00:31:45,1.574,9.6134,296.47,85,100,2.37
75,Hasaki,JP,2022-08-28 00:31:46,35.7333,140.8333,295.53,87,93,10.15
76,Tari,NG,2022-08-28 00:31:47,12.4086,4.4914,296.77,85,100,4.39
77,Bodden Town,KY,2022-08-28 00:31:47,19.2833,-81.25,303.15,77,20,3.09
78,Gao,ML,2022-08-28 00:31:48,16.6362,1.637,302.86,51,67,4.54
79,Bambanglipuro,ID,2022-08-28 00:31:49,-7.95,110.2833,298.27,71,100,5.01
80,Chuy,UY,2022-08-28 00:31:49,-33.6971,-53.4616,282.31,70,49,8.26
81,Leningradskiy,RU,2022-08-28 00:31:50,69.3833,178.4167,275.93,92,100,2.9
82,Tingi,TZ,2022-08-28 00:31:51,-11.3,35.0333,287.44,70,0,1.84
83,Reitz,ZA,2022-08-28 00:31:51,-27.8014,28.4273,283.44,25,0,1.05
84,Cayenne,GF,2022-08-28 00:30:04,4.9333,-52.3333,297.17,94,75,0.0
85,Fohnsdorf,AT,2022-08-28 00:31:52,47.2183,14.6819,289.64,94,75,0.51
86,Huarmey,PE,2022-08-28 00:31:53,-10.0681,-78.1522,290.27,83,50,4.88
87,Ranong,TH,2022-08-28 00:31:53,9.9658,98.6348,298.11,81,29,2.13
88,Hambantota,LK,2022-08-28 00:31:54,6.1241,81.1185,297.34,94,20,2.06
89,Illela,NG,2022-08-28 00:31:55,13.7292,5.2975,297.81,79,99,4.04
90,Samarai,PG,2022-08-28 00:31:55,-10.6167,150.6667,300.33,81,35,6.04
91,Pareora,NZ,2022-08-28 00:31:56,-44.4871,171.2132,284.36,89,98,1.49
92,Flinders,AU,2022-08-28 00:32:57,-34.5833,150.8552,291.14,77,7,3.2
93,Sawtell,AU,2022-08-28 00:32:57,-30.3833,153.1,292.16,63,100,3.09
94,Ponta Do Sol,PT,2022-08-28 00:32:58,32.6667,-17.1,294.5,57,27,1.81
95,Thompson,CA,2022-08-28 00:30:44,55.7435,-97.8558,299.24,44,20,3.6
96,Chamba,IN,2022-08-28 00:32:59,32.5667,76.1333,296.29,87,54,1.31
97,Saldanha,ZA,2022-08-28 00:33:00,-33.0117,17.9442,280.18,72,0,5.15
98,Paamiut,GL,2022-08-28 00:33:00,61.994,-49.6678,279.41,70,90,2.99
99,Atuona,PF,2022-08-28 00:33:01,-9.8,-139.0333,298.36,71,2,9.45
100,Portland,US,2022-08-28 00:31:15,45.5234,-122.6762,297.76,48,40,5.14
101,San Jose,US,2022-08-28 00:32:42,37.3394,-121.895,304.18,53,20,7.2
102,Dwarka,IN,2022-08-28 00:33:03,22.2394,68.9678,298.6,80,2,4.86
103,Moron,AR,2022-08-28 00:33:03,-34.6534,-58.6198,284.01,34,0,5.95
104,Saint-Francois,FR,2022-08-28 00:33:04,46.4154,3.9054,289.08,77,0,0.0
105,Necochea,AR,2022-08-28 00:30:04,-38.5473,-58.7368,279.71,55,91,9.13
106,Marienburg,PL,2022-08-28 00:33:05,54.0359,19.0266,294.2,43,0,2.69
107,Kavieng,PG,2022-08-28 00:33:07,-2.5744,150.7967,301.57,76,93,6.08
108,Bambous Virieux,MU,2022-08-28 00:33:08,-20.3428,57.7575,294.94,94,75,6.69
109,Hilliard,US,2022-08-28 00:33:08,40.0334,-83.1582,298.09,70,0,3.09
110,Geraldton,AU,2022-08-28 00:31:19,-28.7667,114.6,285.38,94,100,3.6
111,Rabo De Peixe,PT,2022-08-28 00:33:09,37.8,-25.5833,297.19,81,75,5.14
112,Pokosnoye,RU,2022-08-28 00:33:10,55.5258,101.0536,280.6,79,100,6.87
113,Upernavik,GL,2022-08-28 00:33:11,72.7868,-56.1549,275.98,95,81,4.52
114,Huallanca,PE,2022-08-28 00:33:11,-9.8993,-76.9417,281.35,66,36,0.48
115,Deputatskiy,RU,2022-08-28 00:33:12,69.3,139.9,285.85,58,92,3.99
116,Vila Franca Do Campo,PT,2022-08-28 00:33:13,37.7167,-25.4333,297.7,92,37,2.54
117,Provideniya,RU,2022-08-28 00:33:13,64.3833,-173.3,283.85,73,78,0.8
118,Mahebourg,MU,2022-08-28 00:33:14,-20.4081,57.7,294.96,94,75,6.69
119,Tiksi,RU,2022-08-28 00:33:15,71.6872,128.8694,284.54,67,98,8.52
120,Chlorakas,CY,2022-08-28 00:33:15,34.8042,32.4083,296.64,73,0,3.6
121,Merauke,ID,2022-08-28 00:33:16,-8.4667,140.3333,301.14,77,31,5.01
122,Kirakira,SB,2022-08-28 00:33:17,-10.4544,161.9205,301.16,77,99,5.49
123,Gaoual,GN,2022-08-28 00:33:17,11.75,-13.2,295.94,99,100,1.39
124,Paralimni,CY,2022-08-28 00:33:18,35.0375,33.9833,297.67,86,0,3.13
125,Coquimbo,CL,2022-08-28 00:33:19,-29.9533,-71.3436,285.0,93,0,1.03
126,Clyde River,CA,2022-08-28 00:33:20,70.4692,-68.5914,275.28,100,100,3.6
127,Kenai,US,2022-08-28 00:33:20,60.5544,-151.2583,287.67,81,75,2.06
128,Cortez,US,2022-08-28 00:33:21,37.3489,-108.5859,300.57,31,0,2.06
129,Akhty,RU,2022-08-28 00:33:22,41.4597,47.7312,291.85,49,0,2.64
130,Havelock,US,2022-08-28 00:33:23,34.8791,-76.9013,300.34,89,100,1.38
131,Arraial Do Cabo,BR,2022-08-28 00:33:24,-22.9661,-42.0278,294.59,87,16,11.34
132,San Carlos Del Zulia,VE,2022-08-28 00:33:25,9.0,-71.9135,297.91,83,19,1.71
133,Emilio Carranza,MX,2022-08-28 00:33:26,19.9711,-96.6114,300.15,82,61,3.14
134,Zabaykalsk,RU,2022-08-28 00:33:11,49.6333,117.3167,292.24,31,41,3.02
135,Ribeira Grande,PT,2022-08-28 00:34:27,38.5167,-28.7,296.59,83,24,9.01
136,Visakhapatnam,IN,2022-08-28 00:34:27,17.69,83.2093,301.3,77,100,0.66
137,Mogadishu,SO,2022-08-28 00:34:28,2.0371,45.3438,297.26,78,79,6.79
138,Sawakin,SD,2022-08-28 00:34:29,19.1059,37.3321,305.43,53,10,2.5
139,Haines Junction,CA,2022-08-28 00:34:29,60.7522,-137.5108,289.12,55,100,2.06
140,Dikson,RU,2022-08-28 00:34:30,73.5069,80.5464,276.28,69,12,3.14
141,Sinnamary,GF,2022-08-28 00:34:30,5.3833,-52.95,299.1,80,100,4.08
142,Lasa,IT,2022-08-28 00:34:31,46.6166,10.7002,286.87,89,86,0.77
143,Nosy Varika,MG,2022-08-28 00:34:32,-20.5833,48.5333,290.58,91,28,2.6
144,Aklavik,CA,2022-08-28 00:34:32,68.2191,-135.0107,287.04,66,67,6.43
145,Ionia,US,2022-08-28 00:34:34,42.9873,-85.0711,296.34,80,0,1.54
146,East London,ZA,2022-08-28 00:34:34,-33.0153,27.9116,286.96,68,0,2.72
147,Goderich,CA,2022-08-28 00:29:37,43.7501,-81.7165,294.21,77,9,1.54
148,Sisophon,KH,2022-08-28 00:34:35,13.5859,102.9737,300.65,78,98,2.06
149,Maceio,BR,2022-08-28 00:34:36,-9.6658,-35.7353,294.84,94,100,5.66
150,Liwale,TZ,2022-08-28 00:34:37,-9.7667,37.9333,289.95,95,60,1.02
151,Nikolskoye,RU,2022-08-28 00:34:37,59.7035,30.7861,291.97,81,0,1.94
152,Oksfjord,NO,2022-08-28 00:34:38,70.2396,22.3479,283.25,83,97,2.12
153,San Martin,AR,2022-08-28 00:34:38,-33.081,-68.4681,286.45,21,0,5.97
154,Maneadero,MX,2022-08-28 00:34:39,31.7167,-116.5667,296.54,75,11,1.34
155,Hithadhoo,MV,2022-08-28 00:34:40,-0.6,73.0833,300.78,73,100,5.6
156,Ancud,CL,2022-08-28 00:34:40,-41.8697,-73.8203,278.72,82,61,2.17
157,Faanui,PF,2022-08-28 00:34:41,-16.4833,-151.75,298.29,74,20,3.63
158,Poronaysk,RU,2022-08-28 00:34:42,49.2167,143.1167,289.05,96,100,3.6
159,Tuatapere,NZ,2022-08-28 00:34:43,-46.1333,167.6833,284.78,56,78,1.76
160,Airai,TL,2022-08-28 00:34:43,-8.9266,125.4092,295.33,50,6,1.24
161,Vestmannaeyjar,IS,2022-08-28 00:34:45,63.4427,-20.2734,283.57,81,100,7.53
162,Halifax,CA,2022-08-28 00:34:03,44.6453,-63.5724,293.15,84,100,2.57
163,Kahului,US,2022-08-28 00:34:07,20.8947,-156.47,304.16,60,20,12.35
164,Providencia,MX,2022-08-28 00:34:47,28.7167,-111.5833,307.71,68,100,5.22
165,Saskylakh,RU,2022-08-28 00:34:48,71.9167,114.0833,280.32,91,100,4.67
166,Gurlan,UZ,2022-08-28 00:34:49,41.8447,60.3919,292.1,25,0,4.23
167,Parana,AR,2022-08-28 00:34:50,-31.732,-60.5238,288.47,45,2,5.1
168,Trenggalek,ID,2022-08-28 00:34:50,-8.05,111.7167,296.73,84,100,2.84
169,Ostrovnoy,RU,2022-08-28 00:34:51,68.0531,39.5131,286.36,79,100,6.75
170,Margate,GB,2022-08-28 00:34:52,51.3813,1.3862,291.31,76,57,2.24
171,Santa Isabel Do Rio Negro,BR,2022-08-28 00:34:52,-0.4139,-65.0192,295.61,98,100,0.92
172,Touros,BR,2022-08-28 00:34:53,-5.1989,-35.4608,296.9,83,1,6.17
173,Bluff,NZ,2022-08-28 00:34:54,-46.6,168.3333,281.37,70,100,3.62
174,Severo-Kurilsk,RU,2022-08-28 00:34:54,50.6789,156.125,291.62,91,50,4.92
175,Thunder Bay,CA,2022-08-28 00:30:44,48.4001,-89.3168,293.14,83,100,4.12
176,Togitsu,JP,2022-08-28 00:34:56,32.8333,129.85,300.14,50,40,3.6
177,Port Lincoln,AU,2022-08-28 00:34:56,-34.7333,135.8667,289.93,49,39,9.39
178,Bethel,US,2022-08-28 00:34:57,41.3712,-73.414,298.62,70,13,1.06
179,Mbulu,TZ,2022-08-28 00:35:58,-3.85,35.5333,284.04,92,52,3.19
180,Petropavlovsk-Kamchatskiy,RU,2022-08-28 00:32:21,53.0452,158.6483,286.48,100,100,0.0
181,Erzin,TR,2022-08-28 00:35:59,36.9559,36.2,296.41,63,0,0.85
182,Derzhavinsk,KZ,2022-08-28 00:36:00,51.1,66.3167,288.14,70,0,4.15
183,Durres,AL,2022-08-28 00:36:01,41.3231,19.4414,294.25,72,29,2.56
184,Gushikawa,JP,2022-08-28 00:36:01,26.3544,127.8686,303.92,79,75,3.6
185,Fernley,US,2022-08-28 00:36:02,39.608,-119.2518,306.6,10,0,1.79
186,Isangel,VU,2022-08-28 00:36:03,-19.55,169.2667,300.21,74,75,3.09
187,Tamworth,GB,2022-08-28 00:36:03,52.634,-1.6959,289.47,82,96,2.44
188,Rio Branco,BR,2022-08-28 00:36:04,-9.9747,-67.81,300.49,74,11,1.54
189,Maniitsoq,GL,2022-08-28 00:36:05,65.4167,-52.9,278.61,78,100,1.92
190,Mandera,KE,2022-08-28 00:36:06,3.9366,41.867,297.65,54,93,6.41
191,Maumere,ID,2022-08-28 00:36:06,-8.6199,122.2111,300.22,69,14,1.32
192,Sabzevar,IR,2022-08-28 00:36:07,36.2126,57.6819,288.75,31,0,5.14
193,Sorland,NO,2022-08-28 00:36:08,67.667,12.6934,284.07,87,95,13.08
194,Padang,ID,2022-08-28 00:36:08,-0.9492,100.3543,296.18,87,100,0.4
195,Lebu,CL,2022-08-28 00:36:09,-37.6167,-73.65,281.06,79,0,8.94
196,Emerald,AU,2022-08-28 00:36:09,-23.5333,148.1667,294.45,58,0,7.75
197,Tigil,RU,2022-08-28 00:36:10,57.8,158.6667,292.55,59,100,1.75
198,Bahia De Caraquez,EC,2022-08-28 00:36:11,-0.6,-80.4167,296.25,84,74,4.88
199,Manacor,ES,2022-08-28 00:36:11,39.5696,3.2096,296.77,67,1,0.99
200,Santa Cruz De La Palma,ES,2022-08-28 00:36:12,28.6835,-17.7642,295.23,83,75,4.63
201,Canavieiras,BR,2022-08-28 00:36:12,-15.675,-38.9472,293.34,90,4,1.27
202,Cobourg,DE,2022-08-28 00:36:13,50.2667,10.9667,291.37,89,86,1.44
203,Camacha,PT,2022-08-28 00:36:14,33.0833,-16.3333,292.83,68,75,4.12
204,Telafas,PH,2022-08-28 00:36:14,6.6353,124.975,302.04,71,20,0.74
205,Ahipara,NZ,2022-08-28 00:36:15,-35.1667,173.1667,289.38,69,28,2.42
206,Iranshahr,IR,2022-08-28 00:36:16,27.2025,60.6848,298.34,11,0,0.0
207,Labuhan,ID,2022-08-28 00:36:16,-6.8844,112.2051,299.71,66,100,6.62
208,Bilma,NE,2022-08-28 00:36:17,18.6853,12.9164,300.63,54,86,6.13
209,Kaitangata,NZ,2022-08-28 00:36:18,-46.2817,169.8464,284.24,59,100,0.46
210,Kloulklubed,PW,2022-08-28 00:36:19,7.0419,134.2556,300.43,71,91,2.97
211,Constitucion,CL,2022-08-28 00:36:20,-35.3333,-72.4167,282.25,65,0,3.62
212,Elko,US,2022-08-28 00:36:20,41.0002,-115.5012,302.95,9,0,7.6
213,Vaitape,PF,2022-08-28 00:36:21,-16.5167,-151.75,298.29,74,20,3.62
214,Carutapera,BR,2022-08-28 00:36:21,-1.195,-46.02,298.01,82,64,2.87
215,Half Moon Bay,US,2022-08-28 00:36:22,37.4636,-122.4286,303.03,77,100,10.29
216,Khotynets,RU,2022-08-28 00:36:23,53.1286,35.3966,300.03,30,100,6.21
217,Zharkent,KZ,2022-08-28 00:36:23,44.1628,80.0,291.17,35,0,2.13
218,Henties Bay,NA,2022-08-28 00:36:24,-22.116,14.2845,283.87,89,1,2.21
219,Avarua,CK,2022-08-28 00:36:25,-21.2078,-159.775,299.18,65,18,5.66
220,Ulladulla,AU,2022-08-28 00:36:26,-35.35,150.4667,290.43,59,2,2.33
221,Warrnambool,AU,2022-08-28 00:31:27,-38.3833,142.4833,288.7,66,95,6.35
222,Shimoda,JP,2022-08-28 00:36:27,34.6667,138.95,299.35,80,89,1.39
223,Hai Duong,VN,2022-08-28 00:36:28,20.9333,106.3167,301.15,78,16,2.0
224,Noumea,NC,2022-08-28 00:31:34,-22.2763,166.4572,295.93,99,100,7.18
225,Stepnogorsk,KZ,2022-08-28 00:37:29,52.3544,71.8869,283.65,66,0,3.05
226,Quatre Cocos,MU,2022-08-28 00:37:30,-20.2078,57.7625,294.87,88,84,6.41
227,Ouadda,CF,2022-08-28 00:37:30,8.0777,22.4007,292.4,98,100,1.45
228,Kodiak,US,2022-08-28 00:37:31,57.79,-152.4072,285.88,82,100,1.54
229,Plainview,US,2022-08-28 00:37:31,40.7765,-73.4673,299.26,74,0,2.57
230,Beloha,MG,2022-08-28 00:37:33,-25.1667,45.05,291.25,60,0,1.06
231,Banda,IN,2022-08-28 00:37:34,25.4833,80.3333,300.68,80,100,3.49
232,Kailua,US,2022-08-28 00:37:34,21.4022,-157.7394,305.14,66,1,1.79
233,Nouadhibou,MR,2022-08-28 00:37:35,20.931,-17.0347,294.63,83,78,11.81
234,Berlin,DE,2022-08-28 00:34:54,52.5244,13.4105,293.17,92,100,4.63
235,Nanortalik,GL,2022-08-28 00:37:37,60.1432,-45.2371,278.48,85,99,3.81
236,Mana,GF,2022-08-28 00:37:38,5.6592,-53.7767,299.13,80,17,3.59
237,Wiang Sa,TH,2022-08-28 00:37:38,8.6359,99.3666,300.85,85,24,1.16
238,Aswan,EG,2022-08-28 00:37:39,24.0934,32.907,304.48,27,8,5.44
239,Kavaratti,IN,2022-08-28 00:37:41,10.5669,72.642,299.58,82,98,8.19
240,Sibu,MY,2022-08-28 00:37:42,2.3,111.8167,297.32,88,40,0.51
241,Progreso,MX,2022-08-28 00:37:43,21.2833,-89.6667,301.21,85,100,6.99
242,Rocha,UY,2022-08-28 00:37:43,-34.4833,-54.3333,281.33,58,83,8.31
243,Vanavara,RU,2022-08-28 00:37:45,60.34,102.2797,279.68,96,100,4.05
244,Neiafu,TO,2022-08-28 00:37:45,-18.65,-173.9833,299.53,73,40,4.12
245,Lagos,NG,2022-08-28 00:35:04,6.5833,3.75,298.33,90,100,2.53
246,Chauk,MM,2022-08-28 00:37:47,20.8833,94.8167,298.81,83,78,5.11
247,Muhos,FI,2022-08-28 00:37:48,64.808,25.9931,288.03,99,100,2.19
248,Vangaindrano,MG,2022-08-28 00:37:48,-23.35,47.6,290.55,89,51,1.61
249,Katsuura,JP,2022-08-28 00:37:49,35.1333,140.3,301.16,79,50,0.43
250,Sao Filipe,CV,2022-08-28 00:37:50,14.8961,-24.4956,298.49,79,99,6.01
251,Lagoa,PT,2022-08-28 00:37:51,39.05,-27.9833,295.88,82,0,10.37
252,Comodoro Rivadavia,AR,2022-08-28 00:37:48,-45.8667,-67.5,277.07,33,0,4.12
253,Pangkalanbuun,ID,2022-08-28 00:37:52,-2.6833,111.6167,299.53,87,97,0.72
254,Port Hedland,AU,2022-08-28 00:37:53,-20.3167,118.5667,298.18,20,0,8.23
255,Bo Phloi,TH,2022-08-28 00:37:53,14.3236,99.5161,301.66,81,100,0.88
256,Ulaangom,MN,2022-08-28 00:37:54,49.9811,92.0667,288.95,46,23,0.08
257,Puerto Ayacucho,VE,2022-08-28 00:37:55,5.6639,-67.6236,297.3,89,70,0.42
258,Tautira,PF,2022-08-28 00:37:56,-17.7333,-149.15,297.68,74,28,1.64
259,Urumqi,CN,2022-08-28 00:37:57,43.801,87.6005,290.68,37,0,1.0
260,Robertsport,LR,2022-08-28 00:37:57,6.7533,-11.3686,297.08,92,100,7.16
261,Krasnoselkup,RU,2022-08-28 00:37:58,65.7,82.4667,276.26,86,100,5.91
262,Yerofey Pavlovich,RU,2022-08-28 00:37:59,53.9667,121.9667,287.69,84,68,2.18
263,Grindavik,IS,2022-08-28 00:37:59,63.8424,-22.4338,284.41,93,75,6.69
264,Eyl,SO,2022-08-28 00:38:00,7.9803,49.8164,297.01,74,2,8.44
265,George,ZA,2022-08-28 00:38:01,-33.963,22.4617,280.9,81,0,1.03
266,Carnarvon,AU,2022-08-28 00:38:02,-24.8667,113.6333,290.59,64,99,7.87
267,Lompoc,US,2022-08-28 00:38:04,34.6391,-120.4579,301.49,80,20,5.66
268,Itarema,BR,2022-08-28 00:38:04,-2.9248,-39.9167,298.4,84,7,7.79
269,Poum,NC,2022-08-28 00:38:05,-20.2333,164.0167,297.07,80,100,5.85
270,Slobidka,UA,2022-08-28 00:38:06,47.8869,29.3461,291.99,46,76,0.76
271,Souillac,MU,2022-08-28 00:38:07,-20.5167,57.5167,294.36,94,75,6.69
272,Ust-Nera,RU,2022-08-28 00:38:08,64.5667,143.2,285.9,63,100,2.34
273,Arlit,NE,2022-08-28 00:38:09,18.7369,7.3853,302.2,46,100,3.68
274,Solnechnyy,RU,2022-08-28 00:39:10,50.7214,136.6319,282.83,97,100,3.35
275,Glushkovo,RU,2022-08-28 00:39:13,51.3392,34.6328,295.24,28,100,3.75
276,New Norfolk,AU,2022-08-28 00:39:13,-42.7826,147.0587,288.1,74,0,0.89
277,Manicore,BR,2022-08-28 00:39:15,-5.8092,-61.3003,298.12,88,0,1.03
278,Sheregesh,RU,2022-08-28 00:39:15,52.9209,87.9869,280.4,92,100,1.57
279,Fort-Shevchenko,KZ,2022-08-28 00:39:16,44.5086,50.263,299.19,36,0,5.01
280,Sarangani,PH,2022-08-28 00:39:17,5.4033,125.4636,302.0,70,18,4.97
281,Sterling,US,2022-08-28 00:39:17,39.0062,-77.4286,301.63,71,40,3.09
282,Tiznit,MA,2022-08-28 00:39:18,29.5833,-9.5,291.73,78,0,0.69
283,Tobol,KZ,2022-08-28 00:39:18,52.6844,62.5794,288.44,77,3,2.66
284,Hemnesberget,NO,2022-08-28 00:39:19,66.2333,13.6333,283.55,92,100,4.62
285,Chabahar,IR,2022-08-28 00:39:20,25.2919,60.643,299.43,80,0,1.22
286,Alice Springs,AU,2022-08-28 00:39:21,-23.7,133.8833,288.9,25,100,2.06
287,Bowen,AU,2022-08-28 00:39:22,-20.0167,148.2333,295.51,74,100,9.27
288,Ilo,PE,2022-08-28 00:39:23,-17.6394,-71.3375,288.09,83,32,1.96
289,Bengkulu,ID,2022-08-28 00:39:24,-3.8004,102.2655,297.71,86,79,1.41
290,North Platte,US,2022-08-28 00:37:32,41.1239,-100.7654,306.09,36,0,2.24
291,Krasnaya Gora,RU,2022-08-28 00:39:25,52.9995,31.6023,289.1,48,91,3.6
292,Stawell,AU,2022-08-28 00:39:26,-37.05,142.7667,284.55,83,100,3.88
293,Fortuna,US,2022-08-28 00:39:27,40.5982,-124.1573,291.68,80,0,4.63
294,Amga,RU,2022-08-28 00:39:27,60.8953,131.9608,288.65,55,41,2.29
295,Ndele,CF,2022-08-28 00:39:28,8.4109,20.6473,292.87,95,99,0.86
296,Plast,RU,2022-08-28 00:39:29,54.3691,60.8136,286.68,86,21,2.12
297,Lisakovsk,KZ,2022-08-28 00:39:29,52.5369,62.4936,288.79,79,6,2.74
298,Gat,IL,2022-08-28 00:39:30,31.61,34.7642,299.53,100,1,2.41
299,Nhulunbuy,AU,2022-08-28 00:39:31,-12.2333,136.7667,300.49,69,100,6.69
300,Pevek,RU,2022-08-28 00:39:32,69.7008,170.3133,276.08,87,100,0.64
301,Aguia Branca,BR,2022-08-28 00:39:33,-18.9831,-40.7403,291.98,89,0,0.96
302,Fjerritslev,DK,2022-08-28 00:39:33,57.0813,9.2664,289.2,88,43,2.42
303,Viransehir,TR,2022-08-28 00:39:34,37.2353,39.7631,299.05,21,0,3.1
304,Raymondville,US,2022-08-28 00:39:35,26.4815,-97.7831,305.21,63,16,6.96
305,Tura,IN,2022-08-28 00:39:35,25.5198,90.2201,297.48,89,71,3.0
306,Copiapo,CL,2022-08-28 00:39:27,-27.3667,-70.3333,282.98,53,0,0.15
307,Jan Kempdorp,ZA,2022-08-28 00:39:36,-27.9225,24.8305,285.24,21,0,2.74
308,Alofi,NU,2022-08-28 00:35:29,-19.0595,-169.9187,300.09,57,4,5.14
309,Westport,US,2022-08-28 00:38:05,41.1415,-73.3579,299.42,67,75,1.79
310,Beachwood,US,2022-08-28 00:39:38,41.4645,-81.5087,294.92,80,0,5.66
311,Nautla,MX,2022-08-28 00:39:39,20.2167,-96.7833,301.29,76,90,4.56
312,San Policarpo,PH,2022-08-28 00:39:40,12.1791,125.5072,302.4,71,100,4.96
313,Dubbo,AU,2022-08-28 00:39:41,-32.25,148.6167,290.22,63,100,3.09
314,Redmond,US,2022-08-28 00:37:44,47.674,-122.1215,295.66,64,91,0.45
315,Monrovia,LR,2022-08-28 00:38:24,6.3005,-10.7969,296.79,92,100,7.32
316,Tahoua,NE,2022-08-28 00:39:42,14.8888,5.2692,298.57,73,14,4.45
317,Olivehurst,US,2022-08-28 00:39:43,39.0955,-121.5522,309.29,28,0,4.12
318,Plesetsk,RU,2022-08-28 00:39:44,62.708,40.2916,286.35,99,25,1.86
319,Uong Bi,VN,2022-08-28 00:39:44,21.0333,106.7833,301.14,75,18,1.23
320,Saint Anthony,US,2022-08-28 00:39:45,45.0205,-93.218,301.09,79,0,6.17
321,Anadyr,RU,2022-08-28 00:39:46,64.75,177.4833,286.43,66,20,3.0
322,Puerto Escondido,MX,2022-08-28 00:38:24,15.85,-97.0667,302.61,58,75,2.57
323,Thinadhoo,MV,2022-08-28 00:40:47,0.5333,72.9333,300.78,74,100,4.78
324,Milkovo,RU,2022-08-28 00:40:48,54.7167,158.6167,286.97,89,100,0.85
325,Staroye Drozhzhanoye,RU,2022-08-28 00:40:49,54.7266,47.5677,291.93,54,94,1.74
326,Camacupa,AO,2022-08-28 00:40:49,-12.0167,17.4833,290.59,36,10,1.48
327,Chokurdakh,RU,2022-08-28 00:40:50,70.6333,147.9167,288.2,47,100,4.34
328,Mwanza,TZ,2022-08-28 00:40:50,-2.5167,32.9,295.22,63,62,2.46
329,Hamamatsu,JP,2022-08-28 00:40:09,34.7,137.7333,301.44,59,49,1.88
330,Bage,BR,2022-08-28 00:40:51,-31.3314,-54.1069,289.03,88,40,3.09
331,Oranjemund,NA,2022-08-28 00:40:52,-28.55,16.4333,284.89,92,7,3.56
332,Cidreira,BR,2022-08-28 00:40:53,-30.1811,-50.2056,290.64,92,8,2.14
333,Virginia Beach,US,2022-08-28 00:40:53,36.8529,-75.978,299.28,92,75,2.57
334,Evensk,RU,2022-08-28 00:40:54,61.95,159.2333,284.03,97,100,3.0
335,Port Blair,IN,2022-08-28 00:40:55,11.6667,92.75,298.17,94,75,0.51
336,Radhanpur,IN,2022-08-28 00:40:56,23.8333,71.6,298.78,75,4,3.08
337,Doha,QA,2022-08-28 00:40:47,25.2867,51.5333,306.09,68,0,3.09
338,Nizhniy Odes,RU,2022-08-28 00:40:57,63.6445,54.856,284.36,81,1,2.64
339,Te Anau,NZ,2022-08-28 00:40:58,-45.4167,167.7167,282.67,67,23,0.86
340,Dothan,US,2022-08-28 00:39:46,31.2232,-85.3905,298.2,96,0,0.0
341,Saint-Augustin,CA,2022-08-28 00:41:00,51.226,-58.6502,284.25,80,8,1.14
342,Berkak,NO,2022-08-28 00:41:00,62.825,10.0118,281.9,95,100,1.24
343,Balykshi,KZ,2022-08-28 00:41:01,47.0667,51.8667,293.15,34,0,3.0
344,Hervey Bay,AU,2022-08-28 00:41:02,-25.2986,152.8535,296.49,63,35,2.68
345,Okahandja,NA,2022-08-28 00:41:03,-21.9833,16.9167,287.2,37,0,1.62
346,Boyabat,TR,2022-08-28 00:41:04,41.4689,34.7667,293.76,94,6,0.71
347,San Quintin,MX,2022-08-28 00:41:05,30.4833,-115.95,294.83,78,18,6.31
348,Feodosiya,UA,2022-08-28 00:41:06,45.0333,35.3833,296.85,84,1,1.95
349,Los Llanos De Aridane,ES,2022-08-28 00:41:06,28.6585,-17.9182,293.01,90,20,3.6
350,Dickinson,US,2022-08-28 00:39:25,29.4608,-95.0513,303.24,82,20,5.66
351,Luderitz,NA,2022-08-28 00:41:08,-26.6481,15.1594,284.3,79,0,5.3
352,Burnie,AU,2022-08-28 00:41:08,-41.0667,145.9167,286.45,76,98,4.55
353,Caravelas,BR,2022-08-28 00:41:09,-17.7125,-39.2481,294.76,86,45,2.52
354,Gidole,ET,2022-08-28 00:41:09,5.65,37.3667,287.1,72,96,1.41
355,Vakhrushev,RU,2022-08-28 00:41:10,48.9833,142.9667,289.15,97,100,2.97
356,Longyearbyen,SJ,2022-08-28 00:41:11,78.2186,15.6401,275.06,69,20,7.72
357,Murgab,TM,2022-08-28 00:41:12,37.4966,61.9714,292.08,39,0,3.09
358,Mgandu,TZ,2022-08-28 00:41:12,-5.95,34.1333,287.54,78,7,4.09
359,Nangomba,TZ,2022-08-28 00:41:13,-10.9,38.5,291.97,79,1,1.04
360,Coihueco,CL,2022-08-28 00:41:14,-36.6167,-71.8333,281.56,66,0,5.14
361,Wladyslawowo,PL,2022-08-28 00:41:15,54.7909,18.4009,292.04,67,0,3.49
362,Kieta,PG,2022-08-28 00:41:16,-6.2167,155.6333,301.15,73,90,1.4
363,Yangjiang,CN,2022-08-28 00:41:16,21.85,111.9667,301.83,83,69,1.54
364,Banda Aceh,ID,2022-08-28 00:41:17,5.5577,95.3222,298.85,81,100,1.9
365,Sola,VU,2022-08-28 00:42:18,-13.8833,167.55,301.52,79,75,3.09
366,Kelo,TD,2022-08-28 00:42:19,9.3086,15.8066,294.15,91,100,1.24
367,Verkhnevilyuysk,RU,2022-08-28 00:42:19,63.4453,120.3167,285.4,69,73,3.05
368,Tambo,PE,2022-08-28 00:42:20,-14.8,-73.9167,275.05,37,52,0.68
369,Vao,NC,2022-08-28 00:42:21,-22.6667,167.4833,294.01,80,100,10.55
370,Puksoozero,RU,2022-08-28 00:42:22,62.5903,40.6066,286.55,99,27,1.87
371,Emba,KZ,2022-08-28 00:42:22,48.8264,58.1442,294.48,44,28,2.66
372,Benghazi,LY,2022-08-28 00:42:23,32.1167,20.0667,299.81,71,14,2.42
373,Talaya,RU,2022-08-28 00:42:24,61.3833,152.75,288.58,56,100,5.23
374,Olafsvik,IS,2022-08-28 00:42:24,64.8945,-23.7142,283.79,89,100,5.77
375,Diffa,NE,2022-08-28 00:42:25,13.3154,12.6113,296.72,84,100,1.49
376,Shelburne,CA,2022-08-28 00:38:06,44.0787,-80.2041,293.59,73,27,2.67
377,Mercedes,AR,2022-08-28 00:42:26,-34.6515,-59.4307,281.84,38,0,6.74
378,Hokitika,NZ,2022-08-28 00:42:27,-42.7167,170.9667,287.85,59,10,2.6
379,Stornoway,GB,2022-08-28 00:42:27,58.2093,-6.3865,286.44,95,100,3.09
380,Leh,IN,2022-08-28 00:42:28,34.1667,77.5833,288.18,55,4,2.74
381,Nome,US,2022-08-28 00:40:58,64.5011,-165.4064,286.54,82,100,4.12
382,Hualmay,PE,2022-08-28 00:42:29,-11.0964,-77.6139,289.81,82,26,4.68
383,Christchurch,NZ,2022-08-28 00:39:53,-43.5333,172.6333,286.43,69,100,4.12
384,Manado,ID,2022-08-28 00:42:15,1.487,124.8455,304.58,70,20,1.03
385,Lieksa,FI,2022-08-28 00:42:30,63.3167,30.0167,288.59,92,100,2.83
386,Fallon,US,2022-08-28 00:42:31,39.4735,-118.7774,306.44,10,11,4.43
387,Raposa,BR,2022-08-28 00:42:31,-6.5167,-44.1833,294.69,40,44,1.37
388,Barsovo,RU,2022-08-28 00:42:32,61.1667,73.1667,286.22,71,100,5.38
389,Eskil,TR,2022-08-28 00:42:33,38.4017,33.4131,294.58,43,0,1.35
390,Tessalit,ML,2022-08-28 00:42:33,20.1986,1.0114,301.1,53,60,3.71
391,Iskateley,RU,2022-08-28 00:42:34,67.6803,53.1512,283.43,94,61,3.82
392,Tokur,RU,2022-08-28 00:42:35,53.1333,132.9,286.37,53,0,2.15
393,Mananara,MG,2022-08-28 00:42:35,-16.1667,49.7667,291.82,90,19,2.4
394,Bereda,ES,2022-08-28 00:42:36,43.2686,-7.5406,290.69,100,100,0.71
395,Mata,PT,2022-08-28 00:42:36,40.683,-7.4592,292.14,69,0,0.41
396,Corinto,GR,2022-08-28 00:42:37,37.9407,22.9573,298.65,71,0,2.08
397,Cockburn Town,TC,2022-08-28 00:42:38,21.4612,-71.1419,301.55,78,57,8.59
398,Voyvozh,RU,2022-08-28 00:42:39,62.892,54.9635,284.69,72,12,3.11
399,Srednekolymsk,RU,2022-08-28 00:42:39,67.45,153.6833,293.04,39,58,2.8
400,Anage,BR,2022-08-28 00:42:40,-14.6122,-41.1356,295.22,60,99,1.47
401,Basco,PH,2022-08-28 00:42:41,20.4487,121.9702,302.25,76,100,3.77
402,Alta Floresta,BR,2022-08-28 00:42:41,-9.8756,-56.0861,299.94,48,68,0.81
403,Ushtobe,KZ,2022-08-28 00:42:42,45.2514,77.9838,291.26,34,0,3.62
404,Patos De Minas,BR,2022-08-28 00:42:43,-18.5789,-46.5181,295.07,38,92,1.67
405,Tucuma,BR,2022-08-28 00:42:44,-0.1833,-50.05,297.22,93,8,2.62
406,Mareeba,AU,2022-08-28 00:39:04,-17.0,145.4333,294.55,91,99,3.84
407,The Valley,AI,2022-08-28 00:42:45,18.217,-63.0578,301.23,83,20,4.63
408,Barillas,GT,2022-08-28 00:42:46,15.8036,-91.3158,291.35,97,84,0.94
409,Nogliki,RU,2022-08-28 00:42:46,51.8333,143.1667,286.18,95,100,3.92
410,Sambava,MG,2022-08-28 00:43:47,-14.2667,50.1667,291.48,82,5,5.09
411,Beringovskiy,RU,2022-08-28 00:43:48,63.05,179.3167,284.63,74,40,3.39
412,Gloucester,GB,2022-08-28 00:43:48,51.8657,-2.2431,291.88,71,100,2.68
413,Saint-Joseph,RE,2022-08-28 00:43:49,-21.3667,55.6167,295.63,83,20,4.76
414,Usinsk,RU,2022-08-28 00:43:50,65.9939,57.5281,284.08,93,20,4.61
415,Zalegoshch,RU,2022-08-28 00:43:50,52.9008,36.8869,294.69,45,100,3.56
416,Bang Len,TH,2022-08-28 00:43:51,14.0219,100.1718,303.7,84,100,1.29
417,Awbari,LY,2022-08-28 00:43:51,26.5921,12.7805,302.69,23,21,6.41
418,Harper,LR,2022-08-28 00:43:52,4.375,-7.7169,296.91,92,100,7.28
419,Berlevag,NO,2022-08-28 00:43:53,70.8578,29.0864,283.15,81,100,8.23
420,Gallup,US,2022-08-28 00:43:53,35.5281,-108.7426,300.57,40,0,6.31
421,Huilong,CN,2022-08-28 00:43:54,31.8111,121.655,299.78,61,100,5.61
422,Komsomolets,KZ,2022-08-28 00:43:55,53.7453,62.0708,288.12,74,94,2.27
423,Baisha,CN,2022-08-28 00:43:56,26.5222,110.9311,304.3,61,100,1.06
424,Atambua,ID,2022-08-28 00:43:56,-9.1061,124.8925,300.69,55,9,0.44
425,Acapulco,MX,2022-08-28 00:43:57,16.8634,-99.8901,303.05,70,75,2.57
426,Andenes,NO,2022-08-28 00:43:57,69.3143,16.1194,283.14,93,100,7.2
427,North Bend,US,2022-08-28 00:43:58,43.4065,-124.2243,296.62,73,0,9.77
428,Ouesso,CG,2022-08-28 00:43:59,1.6136,16.0517,293.54,98,100,0.23
429,Avola,IT,2022-08-28 00:43:59,36.9113,15.1395,296.31,65,46,1.94
430,Marsa Matruh,EG,2022-08-28 00:44:00,31.3525,27.2453,298.26,83,0,1.54
431,Guerrero Negro,MX,2022-08-28 00:43:37,27.9769,-114.0611,296.1,76,87,7.81
432,West Odessa,US,2022-08-28 00:44:01,31.8424,-102.4988,306.31,34,20,5.66
433,Roros,NO,2022-08-28 00:44:02,62.5747,11.3842,281.06,87,100,1.54
434,Plettenberg Bay,ZA,2022-08-28 00:44:02,-34.0527,23.3716,284.02,78,0,1.6
435,Kaduna,NG,2022-08-28 00:44:03,10.5222,7.4383,293.09,97,100,3.01
436,Port Moresby,PG,2022-08-28 00:44:03,-9.4431,147.1797,303.83,70,20,4.12
437,Yuma,US,2022-08-28 00:41:35,32.7253,-114.6244,314.55,30,0,6.69
438,Stephenville,US,2022-08-28 00:44:04,32.2207,-98.2023,306.59,43,75,4.63
439,Nyurba,RU,2022-08-28 00:44:05,63.2842,118.3319,284.98,71,64,2.67
440,Westerland,DE,2022-08-28 00:44:06,54.9079,8.3033,289.16,72,75,8.75
441,Huesca,ES,2022-08-28 00:44:06,42.1362,-0.4087,294.85,62,0,1.03
442,Rio Grande,BR,2022-08-28 00:44:07,-32.035,-52.0986,290.21,85,100,10.33
443,Hay River,CA,2022-08-28 00:41:19,60.8156,-115.7999,290.14,72,75,3.6
444,Samoylovka,RU,2022-08-28 00:44:08,51.184,43.7081,293.23,33,100,3.73
445,Kondinskoye,RU,2022-08-28 00:44:08,59.6481,67.41,283.95,85,10,3.81
446,Mahanoro,MG,2022-08-28 00:44:09,-19.9,48.8,291.62,83,18,1.67
447,Wau,SS,2022-08-28 00:44:10,7.7029,27.9953,293.14,98,99,1.85
448,Ilulissat,GL,2022-08-28 00:44:10,69.2167,-51.1,277.16,75,30,1.03
449,Sao Jose Da Coroa Grande,BR,2022-08-28 00:44:11,-8.8978,-35.1478,296.25,84,40,5.02
450,Domoni,KM,2022-08-28 00:44:12,-12.2569,44.5319,295.08,79,1,1.78
451,Sabha,LY,2022-08-28 00:44:12,27.0377,14.4283,301.85,29,0,6.46
452,Harur,IN,2022-08-28 00:44:13,12.0667,78.5,295.84,89,99,1.96
453,Port Hardy,CA,2022-08-28 00:42:17,50.6996,-127.4199,290.25,72,100,2.57
454,Karwar,IN,2022-08-28 00:44:14,14.8,74.1333,297.96,88,100,2.73
455,Salinopolis,BR,2022-08-28 00:43:12,-0.6136,-47.3561,299.04,81,63,4.82
456,Ban Dung,TH,2022-08-28 00:44:15,17.699,103.2596,300.99,99,98,1.57
457,Anshun,CN,2022-08-28 00:44:16,26.25,105.9333,293.77,91,100,5.68
458,Sulangan,PH,2022-08-28 00:45:16,11.1373,123.7228,301.58,74,94,2.82
459,Hyeres,FR,2022-08-28 00:45:17,43.1167,6.1167,296.86,74,0,1.03
460,Avera,US,2022-08-28 00:45:18,33.194,-82.5271,301.18,62,94,1.31
461,Sibolga,ID,2022-08-28 00:45:19,1.7427,98.7792,297.27,92,99,1.1
462,Auki,SB,2022-08-28 00:45:19,-8.7676,160.7034,300.89,73,86,1.85
463,Inza,RU,2022-08-28 00:45:20,53.8533,46.3586,291.06,54,85,2.01
464,Wahiawa,US,2022-08-28 00:40:22,21.5028,-158.0236,303.33,54,0,7.2
465,Lowestoft,GB,2022-08-28 00:45:21,52.4752,1.7516,287.27,73,13,4.18
466,Xiaoshi,CN,2022-08-28 00:45:22,41.2971,124.1209,293.81,52,100,0.79
467,Gold Coast,AU,2022-08-28 00:43:50,-28.0,153.4333,296.06,79,40,5.14
468,Asosa,ET,2022-08-28 00:45:23,10.0667,34.5333,287.7,95,100,1.29
469,Sawai Madhopur,IN,2022-08-28 00:45:23,25.9833,76.3667,298.37,75,100,3.91
470,Waingapu,ID,2022-08-28 00:45:24,-9.6567,120.2641,301.28,57,42,2.86
471,Nelson,NZ,2022-08-28 00:45:24,-41.2833,173.2833,285.05,64,63,1.25
472,Boshan,CN,2022-08-28 00:45:25,36.4833,117.8333,290.15,77,100,0.44
473,Adrar,MR,2022-08-28 00:45:26,20.5022,-10.0711,307.96,20,4,3.83
474,Ribeira Brava,PT,2022-08-28 00:45:26,32.65,-17.0667,294.5,55,10,1.5
475,Palmer,US,2022-08-28 00:45:27,42.1584,-72.3287,296.9,73,40,3.09
476,Zhigansk,RU,2022-08-28 00:45:28,66.7697,123.3711,281.85,71,100,4.18
477,Zyryanka,RU,2022-08-28 00:45:28,65.75,150.85,293.01,38,1,2.29
478,Sire,NG,2022-08-28 00:45:29,12.9299,5.2043,296.31,84,100,3.71
479,Aykhal,RU,2022-08-28 00:45:30,66.0,111.5,278.34,67,84,2.96
480,Pangnirtung,CA,2022-08-28 00:45:30,66.1451,-65.7125,280.03,72,92,1.13
481,Caxito,AO,2022-08-28 00:45:31,-8.5785,13.6643,294.49,86,99,1.46
482,Salobrena,ES,2022-08-28 00:45:32,36.7428,-3.5872,300.63,83,6,1.68
483,Sao Felix Do Xingu,BR,2022-08-28 00:45:32,-6.6447,-51.995,299.78,47,47,1.01
484,Astoria,US,2022-08-28 00:45:33,46.1879,-123.8313,292.37,72,75,3.6
485,Namibe,AO,2022-08-28 00:45:33,-15.1961,12.1522,288.03,89,10,4.0
486,Bolshaya Sosnova,RU,2022-08-28 00:45:34,57.6713,54.6029,286.72,69,0,1.12
487,Severo-Yeniseyskiy,RU,2022-08-28 00:45:35,60.3725,93.0408,277.24,95,100,3.93
488,Komsomolskiy,UZ,2022-08-28 00:45:35,40.4272,71.7189,294.55,30,73,3.09
489,Gasa,PS,2022-08-28 00:45:36,31.5,34.4667,298.08,74,0,4.28
490,Nur,PL,2022-08-28 00:45:37,52.6683,22.3221,291.14,51,0,1.78
491,Corrente,BR,2022-08-28 00:45:38,-3.7367,-43.3394,295.88,74,67,2.1
492,Makkaveyevo,RU,2022-08-28 00:45:38,51.7533,113.9454,290.2,50,100,1.22
493,Qinzhou,CN,2022-08-28 00:45:39,21.95,108.6167,302.86,74,18,2.45
494,Klaksvik,FO,2022-08-28 00:45:39,62.2266,-6.589,282.66,81,100,3.14
495,Vagay,RU,2022-08-28 00:45:40,57.9375,69.0217,282.29,82,9,2.37
496,Tam Ky,VN,2022-08-28 00:45:41,15.5667,108.4833,301.14,75,100,0.8
497,Omaruru,NA,2022-08-28 00:45:41,-21.4333,15.9333,287.01,44,0,1.67
498,Ossora,RU,2022-08-28 00:45:42,59.2353,163.0719,290.2,67,99,2.78
499,Rorvik,NO,2022-08-28 00:45:43,64.8621,11.2373,285.1,80,100,8.76
500,Saint-Georges,GD,2022-08-28 00:45:43,12.0564,-61.7485,299.97,83,20,3.6
501,Lavrentiya,RU,2022-08-28 00:45:44,65.5833,-171.0,281.13,73,41,3.92
502,Natal,BR,2022-08-28 00:44:46,-5.795,-35.2094,297.27,94,40,3.6
503,Aras,ES,2022-08-28 00:46:46,42.5617,-2.356,289.38,68,0,1.03
504,Kaeo,NZ,2022-08-28 00:46:47,-35.1,173.7833,291.66,71,54,3.77
505,Harer,ET,2022-08-28 00:46:47,9.3094,42.1258,287.79,81,59,3.58
506,Winslow,US,2022-08-28 00:46:48,35.0242,-110.6974,301.25,36,20,6.17
507,Vanimo,PG,2022-08-28 00:46:48,-2.6741,141.3028,302.65,67,60,3.66
508,Fare,PF,2022-08-28 00:46:49,-16.7,-151.0167,298.28,72,3,3.11
509,Bubaque,GW,2022-08-28 00:46:50,11.2833,-15.8333,300.12,82,100,8.63
510,Rawson,AR,2022-08-28 00:46:50,-43.3002,-65.1023,278.49,49,1,0.89
511,Piacabucu,BR,2022-08-28 00:46:51,-10.4056,-36.4344,295.31,86,66,3.99
512,Anaconda,US,2022-08-28 00:46:52,46.1285,-112.9423,295.7,35,100,5.63
513,Omboue,GA,2022-08-28 00:46:52,-1.5746,9.2618,295.38,88,47,2.29
514,Mezen,RU,2022-08-28 00:46:53,65.8522,44.24,285.97,97,23,2.53
515,Namatanai,PG,2022-08-28 00:46:54,-3.6667,152.4333,301.91,69,98,4.14
516,Manali,IN,2022-08-28 00:46:54,13.1667,80.2667,299.2,75,69,3.5
517,Araouane,ML,2022-08-28 00:46:55,18.9048,-3.5265,304.5,43,3,9.93
518,Letterkenny,IE,2022-08-28 00:46:56,54.95,-7.7333,286.09,95,100,0.46
519,Svetlogorsk,BY,2022-08-28 00:46:56,52.6333,29.7333,290.39,42,98,3.05
520,Valley City,US,2022-08-28 00:46:57,46.9233,-98.0032,299.44,83,0,5.66
521,Kalmunai,LK,2022-08-28 00:46:58,7.4167,81.8167,299.05,82,62,1.31
522,Matamoros,MX,2022-08-28 00:46:58,25.5333,-103.25,305.21,35,75,3.09
523,Havre,FR,2022-08-28 00:46:59,49.5833,0.3333,289.02,82,0,3.09
524,Praia Da Vitoria,PT,2022-08-28 00:47:00,38.7333,-27.0667,296.29,94,75,7.96
525,Hamilton,US,2022-08-28 00:44:58,39.1834,-84.5333,299.75,69,20,2.06
526,Sri Aman,MY,2022-08-28 00:47:01,1.2376,111.4621,298.2,94,20,0.0
527,Monte Mor,BR,2022-08-28 00:43:18,-22.9467,-47.3158,295.79,40,0,3.09
528,Berbera,SO,2022-08-28 00:47:02,10.4396,45.0143,304.34,45,91,7.8
529,Waynesville,US,2022-08-28 00:47:02,35.4887,-82.9887,295.34,85,1,0.89
530,Lodja,CD,2022-08-28 00:47:03,-3.4833,23.4333,293.4,95,85,0.95
531,Kerema,PG,2022-08-28 00:47:04,-7.9631,145.7785,301.66,75,69,2.71
532,Chegdomyn,RU,2022-08-28 00:47:04,51.1167,133.0167,288.19,58,0,2.35
533,Erbaa,TR,2022-08-28 00:47:05,40.6689,36.5675,295.52,93,76,0.87
534,Jagtial,IN,2022-08-28 00:47:05,18.8,78.9333,297.06,90,100,2.24
535,Shieli,KZ,2022-08-28 00:47:06,44.1667,66.75,295.04,24,0,3.98
536,Talnakh,RU,2022-08-28 00:47:07,69.4865,88.3972,276.6,98,100,1.36
537,Morant Bay,JM,2022-08-28 00:47:07,17.8815,-76.4093,301.94,81,100,3.03
538,Saraland,US,2022-08-28 00:42:31,30.8207,-88.0706,301.53,86,83,1.93
539,Fairbanks,US,2022-08-28 00:47:08,64.8378,-147.7164,290.13,72,100,1.54
540,Khash,IR,2022-08-28 00:47:09,28.2211,61.2158,292.46,18,0,1.13
541,Okakarara,NA,2022-08-28 00:47:10,-20.5833,17.4333,286.74,33,0,2.15
542,Porto Velho,BR,2022-08-28 00:44:21,-8.7619,-63.9039,300.18,78,100,2.06
543,Vallenar,CL,2022-08-28 00:47:00,-28.5708,-70.7581,291.09,53,0,0.48
544,Yumen,CN,2022-08-28 00:47:11,40.2833,97.2,291.49,41,89,2.99
545,Mitsamiouli,KM,2022-08-28 00:47:12,-11.3847,43.2844,296.12,67,0,2.05
